{"cameraMode":{"drawMode":0,"name":"Shaded","section":"Shading Mode"},"sceneLighting":true,"audioPlay":false,"sceneViewState":{"showFog":true,"showMaterialUpdate":false,"showSkybox":true,"showFlares":true,"showImageEffects":true,"showParticleSystems":true},"in2DMode":false,"pivot":{"x":171.73301696777345,"y":271.1031494140625,"z":254.88514709472657},"rotation":{"x":0.03386227786540985,"y":-0.7690067887306213,"z":0.6370325088500977,"w":0.04087819531559944},"size":10.0,"orthographic":false}