{"cameraMode":{"drawMode":0,"name":"Shaded","section":"Shading Mode"},"sceneLighting":false,"audioPlay":false,"sceneViewState":{"showFog":true,"showMaterialUpdate":false,"showSkybox":false,"showFlares":true,"showImageEffects":true,"showParticleSystems":true},"in2DMode":false,"pivot":{"x":-9.853806495666504,"y":-4.0861382484436039,"z":5.490010738372803},"rotation":{"x":-0.17918138206005097,"y":0.5204702019691467,"z":-0.11273501813411713,"w":-0.8272247314453125},"size":16.64964485168457,"orthographic":false}