{"cameraMode":{"drawMode":0,"name":"Shaded","section":"Shading Mode"},"sceneLighting":false,"audioPlay":false,"sceneViewState":{"showFog":true,"showMaterialUpdate":false,"showSkybox":false,"showFlares":true,"showImageEffects":true,"showParticleSystems":true},"in2DMode":false,"pivot":{"x":0.7207841873168945,"y":0.4333066940307617,"z":-0.04006032645702362},"rotation":{"x":-0.21969838440418244,"y":0.6764034628868103,"z":-0.2228846549987793,"w":-0.6667339205741882},"size":6.878775596618652,"orthographic":false}