{"cameraMode":{"drawMode":0,"name":"Shaded","section":"Shading Mode"},"sceneLighting":false,"audioPlay":false,"sceneViewState":{"showFog":true,"showMaterialUpdate":false,"showSkybox":false,"showFlares":true,"showImageEffects":true,"showParticleSystems":true},"in2DMode":false,"pivot":{"x":0.28114819526672366,"y":0.22590738534927369,"z":0.7891650199890137},"rotation":{"x":-0.0505075640976429,"y":0.17348343133926392,"z":-0.00891029741615057,"w":-0.9835072755813599},"size":8.977245330810547,"orthographic":false}