{"cameraMode":{"drawMode":0,"name":"Shaded","section":"Shading Mode"},"sceneLighting":false,"audioPlay":false,"sceneViewState":{"showFog":true,"showMaterialUpdate":false,"showSkybox":false,"showFlares":true,"showImageEffects":true,"showParticleSystems":true},"in2DMode":false,"pivot":{"x":0.03495025634765625,"y":-0.09653127193450928,"z":-0.15462446212768556},"rotation":{"x":-0.21394868195056916,"y":-0.4826982319355011,"z":0.1228991225361824,"w":-0.8403138518333435},"size":4.041658401489258,"orthographic":false}